timestamp,type,advances,declines,unchanged,advance_decline_ratio,market_sentiment,sector,change_percent,volume
2025-09-20T17:28:37.141090,market_breadth,0.0,0.0,0.0,inf,bearish,,,
2025-09-20T17:28:37.141090,sector_performance,,,,,,Banking,-3.1832015865420886,3726008.0
2025-09-20T17:28:37.141090,sector_performance,,,,,,IT,-1.0168647086193805,7172837.0
2025-09-20T17:28:37.141090,sector_performance,,,,,,Pharma,0.0,3546455.0
2025-09-20T17:28:37.141090,sector_performance,,,,,,Auto,-0.3656678313684204,665900.0
2025-09-20T17:28:37.141090,sector_performance,,,,,,FMCG,-0.5680758934595418,41900.0
2025-09-20T17:28:37.141090,sector_performance,,,,,,Metal,-0.07301849062623296,1314300.0
2025-09-20T17:28:37.141090,sector_performance,,,,,,Realty,0.3858892054854214,323400.0
2025-09-20T17:28:37.141090,sector_performance,,,,,,Energy,0.4202745776349135,4527000.0
2025-09-20T17:31:35.382252,market_breadth,0.0,0.0,0.0,inf,bearish,,,
2025-09-20T17:31:35.382252,sector_performance,,,,,,Banking,-3.1832015865420886,3726008.0
2025-09-20T17:31:35.382252,sector_performance,,,,,,IT,-1.0168647086193805,7172837.0
2025-09-20T17:31:35.382252,sector_performance,,,,,,Pharma,0.0,3546455.0
2025-09-20T17:31:35.382252,sector_performance,,,,,,Auto,-0.3656678313684204,665900.0
2025-09-20T17:31:35.382252,sector_performance,,,,,,FMCG,-0.5680758934595418,41900.0
2025-09-20T17:31:35.382252,sector_performance,,,,,,Metal,-0.07301849062623296,1314300.0
2025-09-20T17:31:35.382252,sector_performance,,,,,,Realty,0.3858892054854214,323400.0
2025-09-20T17:31:35.382252,sector_performance,,,,,,Energy,0.4202745776349135,4527000.0
2025-09-20T17:34:46.413666,market_breadth,0.0,0.0,0.0,inf,bearish,,,
2025-09-20T17:34:46.413666,sector_performance,,,,,,Banking,-3.1832015865420886,3726008.0
2025-09-20T17:34:46.413666,sector_performance,,,,,,IT,-1.0168647086193805,7172837.0
2025-09-20T17:34:46.413666,sector_performance,,,,,,Pharma,0.0,3546455.0
2025-09-20T17:34:46.413666,sector_performance,,,,,,Auto,-0.3656678313684204,665900.0
2025-09-20T17:34:46.413666,sector_performance,,,,,,FMCG,-0.5680758934595418,41900.0
2025-09-20T17:34:46.413666,sector_performance,,,,,,Metal,-0.07301849062623296,1314300.0
2025-09-20T17:34:46.413666,sector_performance,,,,,,Realty,0.3858892054854214,323400.0
2025-09-20T17:34:46.413666,sector_performance,,,,,,Energy,0.4202745776349135,4527000.0
2025-09-20T17:37:33.050750,market_breadth,0.0,0.0,0.0,inf,bearish,,,
2025-09-20T17:37:33.050750,sector_performance,,,,,,Banking,-3.1832015865420886,3726008.0
2025-09-20T17:37:33.050750,sector_performance,,,,,,IT,-1.0168647086193805,7172837.0
2025-09-20T17:37:33.050750,sector_performance,,,,,,Pharma,0.0,3546455.0
2025-09-20T17:37:33.050750,sector_performance,,,,,,Auto,-0.3656678313684204,665900.0
2025-09-20T17:37:33.050750,sector_performance,,,,,,FMCG,-0.5680758934595418,41900.0
2025-09-20T17:37:33.050750,sector_performance,,,,,,Metal,-0.07301849062623296,1314300.0
2025-09-20T17:37:33.050750,sector_performance,,,,,,Realty,0.3858892054854214,323400.0
2025-09-20T17:37:33.050750,sector_performance,,,,,,Energy,0.4202745776349135,4527000.0
2025-09-20T17:40:02.144217,market_breadth,0.0,0.0,0.0,inf,bearish,,,
2025-09-20T17:40:02.144217,sector_performance,,,,,,Banking,-3.1832015865420886,3726008.0
2025-09-20T17:40:02.144217,sector_performance,,,,,,IT,-1.0168647086193805,7172837.0
2025-09-20T17:40:02.144217,sector_performance,,,,,,Pharma,0.0,3546455.0
2025-09-20T17:40:02.144217,sector_performance,,,,,,Auto,-0.3656678313684204,665900.0
2025-09-20T17:40:02.144217,sector_performance,,,,,,FMCG,-0.5680758934595418,41900.0
2025-09-20T17:40:02.144217,sector_performance,,,,,,Metal,-0.07301849062623296,1314300.0
2025-09-20T17:40:02.144217,sector_performance,,,,,,Realty,0.3858892054854214,323400.0
2025-09-20T17:40:02.144217,sector_performance,,,,,,Energy,0.4202745776349135,4527000.0
2025-09-20T17:42:38.018646,market_breadth,0.0,0.0,0.0,inf,bearish,,,
2025-09-20T17:42:38.018646,sector_performance,,,,,,Banking,-3.1832015865420886,3726008.0
2025-09-20T17:42:38.018646,sector_performance,,,,,,IT,-1.0168647086193805,7172837.0
2025-09-20T17:42:38.018646,sector_performance,,,,,,Pharma,0.0,3546455.0
2025-09-20T17:42:38.018646,sector_performance,,,,,,Auto,-0.3656678313684204,665900.0
2025-09-20T17:42:38.018646,sector_performance,,,,,,FMCG,-0.5680758934595418,41900.0
2025-09-20T17:42:38.018646,sector_performance,,,,,,Metal,-0.07301849062623296,1314300.0
2025-09-20T17:42:38.018646,sector_performance,,,,,,Realty,0.3858892054854214,323400.0
2025-09-20T17:42:38.018646,sector_performance,,,,,,Energy,0.4202745776349135,4527000.0
2025-09-20T17:45:14.425370,market_breadth,0.0,0.0,0.0,inf,bearish,,,
2025-09-20T17:45:14.425370,sector_performance,,,,,,Banking,-3.1832015865420886,3726008.0
2025-09-20T17:45:14.425370,sector_performance,,,,,,IT,-1.0168647086193805,7172837.0
2025-09-20T17:45:14.425370,sector_performance,,,,,,Pharma,0.0,3546455.0
2025-09-20T17:45:14.425370,sector_performance,,,,,,Auto,-0.3656678313684204,665900.0
2025-09-20T17:45:14.425370,sector_performance,,,,,,FMCG,-0.5680758934595418,41900.0
2025-09-20T17:45:14.425370,sector_performance,,,,,,Metal,-0.07301849062623296,1314300.0
2025-09-20T17:45:14.425370,sector_performance,,,,,,Realty,0.3858892054854214,323400.0
2025-09-20T17:45:14.425370,sector_performance,,,,,,Energy,0.4202745776349135,4527000.0
2025-09-20T17:47:50.910538,market_breadth,0.0,0.0,0.0,inf,bearish,,,
2025-09-20T17:47:50.910538,sector_performance,,,,,,Banking,-3.1832015865420886,3726008.0
2025-09-20T17:47:50.910538,sector_performance,,,,,,IT,-1.0168647086193805,7172837.0
2025-09-20T17:47:50.910538,sector_performance,,,,,,Pharma,0.0,3546455.0
2025-09-20T17:47:50.910538,sector_performance,,,,,,Auto,-0.3656678313684204,665900.0
2025-09-20T17:47:50.910538,sector_performance,,,,,,FMCG,-0.5680758934595418,41900.0
2025-09-20T17:47:50.910538,sector_performance,,,,,,Metal,-0.07301849062623296,1314300.0
2025-09-20T17:47:50.910538,sector_performance,,,,,,Realty,0.3858892054854214,323400.0
2025-09-20T17:47:50.910538,sector_performance,,,,,,Energy,0.4202745776349135,4527000.0
2025-09-20T19:37:05.484785,market_breadth,0.0,0.0,0.0,inf,bearish,,,
2025-09-20T19:37:05.484785,sector_performance,,,,,,Banking,-3.1832015865420886,3726008.0
2025-09-20T19:37:05.484785,sector_performance,,,,,,IT,-1.0168647086193805,7172837.0
2025-09-20T19:37:05.484785,sector_performance,,,,,,Pharma,0.0,3546455.0
2025-09-20T19:37:05.484785,sector_performance,,,,,,Auto,-0.3656678313684204,665900.0
2025-09-20T19:37:05.484785,sector_performance,,,,,,FMCG,-0.5680758934595418,41900.0
2025-09-20T19:37:05.484785,sector_performance,,,,,,Metal,-0.07301849062623296,1314300.0
2025-09-20T19:37:05.484785,sector_performance,,,,,,Realty,0.3858892054854214,323400.0
2025-09-20T19:37:05.484785,sector_performance,,,,,,Energy,0.4202745776349135,4527000.0
2025-09-20T19:39:40.840055,market_breadth,0.0,0.0,0.0,inf,bearish,,,
2025-09-20T19:39:40.840055,sector_performance,,,,,,Banking,-3.1832015865420886,3726008.0
2025-09-20T19:39:40.840055,sector_performance,,,,,,IT,-1.0168647086193805,7172837.0
2025-09-20T19:39:40.840055,sector_performance,,,,,,Pharma,0.0,3546455.0
2025-09-20T19:39:40.840055,sector_performance,,,,,,Auto,-0.3656678313684204,665900.0
2025-09-20T19:39:40.840055,sector_performance,,,,,,FMCG,-0.5680758934595418,41900.0
2025-09-20T19:39:40.840055,sector_performance,,,,,,Metal,-0.07301849062623296,1314300.0
2025-09-20T19:39:40.840055,sector_performance,,,,,,Realty,0.3858892054854214,323400.0
2025-09-20T19:39:40.840055,sector_performance,,,,,,Energy,0.4202745776349135,4527000.0
2025-09-20T19:42:17.402237,market_breadth,0.0,0.0,0.0,inf,bearish,,,
2025-09-20T19:42:17.402237,sector_performance,,,,,,Banking,-3.1832015865420886,3726008.0
2025-09-20T19:42:17.402237,sector_performance,,,,,,IT,-1.0168647086193805,7172837.0
2025-09-20T19:42:17.402237,sector_performance,,,,,,Pharma,0.0,3546455.0
2025-09-20T19:42:17.402237,sector_performance,,,,,,Auto,-0.3656678313684204,665900.0
2025-09-20T19:42:17.402237,sector_performance,,,,,,FMCG,-0.5680758934595418,41900.0
2025-09-20T19:42:17.402237,sector_performance,,,,,,Metal,-0.07301849062623296,1314300.0
2025-09-20T19:42:17.402237,sector_performance,,,,,,Realty,0.3858892054854214,323400.0
2025-09-20T19:42:17.402237,sector_performance,,,,,,Energy,0.4202745776349135,4527000.0
2025-09-20T19:44:43.938646,market_breadth,0.0,0.0,0.0,inf,bearish,,,
2025-09-20T19:44:43.938646,sector_performance,,,,,,Banking,-3.1832015865420886,3726008.0
2025-09-20T19:44:43.938646,sector_performance,,,,,,IT,-1.0168647086193805,7172837.0
2025-09-20T19:44:43.938646,sector_performance,,,,,,Pharma,0.0,3546455.0
2025-09-20T19:44:43.938646,sector_performance,,,,,,Auto,-0.3656678313684204,665900.0
2025-09-20T19:44:43.938646,sector_performance,,,,,,FMCG,-0.5680758934595418,41900.0
2025-09-20T19:44:43.938646,sector_performance,,,,,,Metal,-0.07301849062623296,1314300.0
2025-09-20T19:44:43.938646,sector_performance,,,,,,Realty,0.3858892054854214,323400.0
2025-09-20T19:44:43.938646,sector_performance,,,,,,Energy,0.4202745776349135,4527000.0
2025-09-20T19:47:05.521994,market_breadth,0.0,0.0,0.0,inf,bearish,,,
2025-09-20T19:47:05.521994,sector_performance,,,,,,Banking,-3.1832015865420886,3726008.0
2025-09-20T19:47:05.521994,sector_performance,,,,,,IT,-1.0168647086193805,7172837.0
2025-09-20T19:47:05.521994,sector_performance,,,,,,Pharma,0.0,3546455.0
2025-09-20T19:47:05.521994,sector_performance,,,,,,Auto,-0.3656678313684204,665900.0
2025-09-20T19:47:05.521994,sector_performance,,,,,,FMCG,-0.5680758934595418,41900.0
2025-09-20T19:47:05.521994,sector_performance,,,,,,Metal,-0.07301849062623296,1314300.0
2025-09-20T19:47:05.521994,sector_performance,,,,,,Realty,0.3858892054854214,323400.0
2025-09-20T19:47:05.521994,sector_performance,,,,,,Energy,0.4202745776349135,4527000.0
2025-09-20T19:49:32.603379,market_breadth,0.0,0.0,0.0,inf,bearish,,,
2025-09-20T19:49:32.603379,sector_performance,,,,,,Banking,-3.1832015865420886,3726008.0
2025-09-20T19:49:32.603379,sector_performance,,,,,,IT,-1.0168647086193805,7172837.0
2025-09-20T19:49:32.603379,sector_performance,,,,,,Pharma,0.0,3546455.0
2025-09-20T19:49:32.603379,sector_performance,,,,,,Auto,-0.3656678313684204,665900.0
2025-09-20T19:49:32.603379,sector_performance,,,,,,FMCG,-0.5680758934595418,41900.0
2025-09-20T19:49:32.603379,sector_performance,,,,,,Metal,-0.07301849062623296,1314300.0
2025-09-20T19:49:32.603379,sector_performance,,,,,,Realty,0.3858892054854214,323400.0
2025-09-20T19:49:32.603379,sector_performance,,,,,,Energy,0.4202745776349135,4527000.0
2025-09-20T19:52:10.002221,market_breadth,0.0,0.0,0.0,inf,bearish,,,
2025-09-20T19:52:10.002221,sector_performance,,,,,,Banking,-3.1832015865420886,3726008.0
2025-09-20T19:52:10.002221,sector_performance,,,,,,IT,-1.0168647086193805,7172837.0
2025-09-20T19:52:10.002221,sector_performance,,,,,,Pharma,0.0,3546455.0
2025-09-20T19:52:10.002221,sector_performance,,,,,,Auto,-0.3656678313684204,665900.0
2025-09-20T19:52:10.002221,sector_performance,,,,,,FMCG,-0.5680758934595418,41900.0
2025-09-20T19:52:10.002221,sector_performance,,,,,,Metal,-0.07301849062623296,1314300.0
2025-09-20T19:52:10.002221,sector_performance,,,,,,Realty,0.3858892054854214,323400.0
2025-09-20T19:52:10.002221,sector_performance,,,,,,Energy,0.4202745776349135,4527000.0
2025-09-20T19:54:51.378176,market_breadth,0.0,0.0,0.0,inf,bearish,,,
2025-09-20T19:54:51.378176,sector_performance,,,,,,Banking,-3.1832015865420886,3726008.0
2025-09-20T19:54:51.378176,sector_performance,,,,,,IT,-1.0168647086193805,7172837.0
2025-09-20T19:54:51.378176,sector_performance,,,,,,Pharma,0.0,3546455.0
2025-09-20T19:54:51.378176,sector_performance,,,,,,Auto,-0.3656678313684204,665900.0
2025-09-20T19:54:51.378176,sector_performance,,,,,,FMCG,-0.5680758934595418,41900.0
2025-09-20T19:54:51.378176,sector_performance,,,,,,Metal,-0.07301849062623296,1314300.0
2025-09-20T19:54:51.378176,sector_performance,,,,,,Realty,0.3858892054854214,323400.0
2025-09-20T19:54:51.378176,sector_performance,,,,,,Energy,0.4202745776349135,4527000.0
2025-09-20T19:57:24.267488,market_breadth,0.0,0.0,0.0,inf,bearish,,,
2025-09-20T19:57:24.267488,sector_performance,,,,,,Banking,-3.1832015865420886,3726008.0
2025-09-20T19:57:24.267488,sector_performance,,,,,,IT,-1.0168647086193805,7172837.0
2025-09-20T19:57:24.267488,sector_performance,,,,,,Pharma,0.0,3546455.0
2025-09-20T19:57:24.267488,sector_performance,,,,,,Auto,-0.3656678313684204,665900.0
2025-09-20T19:57:24.267488,sector_performance,,,,,,FMCG,-0.5680758934595418,41900.0
2025-09-20T19:57:24.267488,sector_performance,,,,,,Metal,-0.07301849062623296,1314300.0
2025-09-20T19:57:24.267488,sector_performance,,,,,,Realty,0.3858892054854214,323400.0
2025-09-20T19:57:24.267488,sector_performance,,,,,,Energy,0.4202745776349135,4527000.0
2025-09-20T19:59:59.396315,market_breadth,0.0,0.0,0.0,inf,bearish,,,
2025-09-20T19:59:59.396315,sector_performance,,,,,,Banking,-3.1832015865420886,3726008.0
2025-09-20T19:59:59.396315,sector_performance,,,,,,IT,-1.0168647086193805,7172837.0
2025-09-20T19:59:59.396315,sector_performance,,,,,,Pharma,0.0,3546455.0
2025-09-20T19:59:59.396315,sector_performance,,,,,,Auto,-0.3656678313684204,665900.0
2025-09-20T19:59:59.396315,sector_performance,,,,,,FMCG,-0.5680758934595418,41900.0
2025-09-20T19:59:59.396315,sector_performance,,,,,,Metal,-0.07301849062623296,1314300.0
2025-09-20T19:59:59.396315,sector_performance,,,,,,Realty,0.3858892054854214,323400.0
2025-09-20T19:59:59.396315,sector_performance,,,,,,Energy,0.4202745776349135,4527000.0
2025-09-20T20:02:34.190240,market_breadth,0.0,0.0,0.0,inf,bearish,,,
2025-09-20T20:02:34.190240,sector_performance,,,,,,Banking,-3.1832015865420886,3726008.0
2025-09-20T20:02:34.190240,sector_performance,,,,,,IT,-1.0168647086193805,7172837.0
2025-09-20T20:02:34.190240,sector_performance,,,,,,Pharma,0.0,3546455.0
2025-09-20T20:02:34.190240,sector_performance,,,,,,Auto,-0.3656678313684204,665900.0
2025-09-20T20:02:34.190240,sector_performance,,,,,,FMCG,-0.5680758934595418,41900.0
2025-09-20T20:02:34.190240,sector_performance,,,,,,Metal,-0.07301849062623296,1314300.0
2025-09-20T20:02:34.190240,sector_performance,,,,,,Realty,0.3858892054854214,323400.0
2025-09-20T20:02:34.190240,sector_performance,,,,,,Energy,0.4202745776349135,4527000.0
2025-09-20T20:05:15.303404,market_breadth,0.0,0.0,0.0,inf,bearish,,,
2025-09-20T20:05:15.303404,sector_performance,,,,,,Banking,-3.1832015865420886,3726008.0
2025-09-20T20:05:15.303404,sector_performance,,,,,,IT,-1.0168647086193805,7172837.0
2025-09-20T20:05:15.303404,sector_performance,,,,,,Pharma,0.0,3546455.0
2025-09-20T20:05:15.303404,sector_performance,,,,,,Auto,-0.3656678313684204,665900.0
2025-09-20T20:05:15.303404,sector_performance,,,,,,FMCG,-0.5680758934595418,41900.0
2025-09-20T20:05:15.303404,sector_performance,,,,,,Metal,-0.07301849062623296,1314300.0
2025-09-20T20:05:15.303404,sector_performance,,,,,,Realty,0.3858892054854214,323400.0
2025-09-20T20:05:15.303404,sector_performance,,,,,,Energy,0.4202745776349135,4527000.0
2025-09-20T20:07:54.696666,market_breadth,0.0,0.0,0.0,inf,bearish,,,
2025-09-20T20:07:54.696666,sector_performance,,,,,,Banking,-3.1832015865420886,3726008.0
2025-09-20T20:07:54.696666,sector_performance,,,,,,IT,-1.0168647086193805,7172837.0
2025-09-20T20:07:54.696666,sector_performance,,,,,,Pharma,0.0,3546455.0
2025-09-20T20:07:54.696666,sector_performance,,,,,,Auto,-0.3656678313684204,665900.0
2025-09-20T20:07:54.696666,sector_performance,,,,,,FMCG,-0.5680758934595418,41900.0
2025-09-20T20:07:54.696666,sector_performance,,,,,,Metal,-0.07301849062623296,1314300.0
2025-09-20T20:07:54.696666,sector_performance,,,,,,Realty,0.3858892054854214,323400.0
2025-09-20T20:07:54.696666,sector_performance,,,,,,Energy,0.4202745776349135,4527000.0
2025-09-23T22:27:56.258592,market_breadth,0.0,0.0,0.0,inf,bearish,,,
2025-09-23T22:27:56.258592,sector_performance,,,,,,Banking,-0.36441658486300826,4374621.0
2025-09-23T22:27:56.258592,sector_performance,,,,,,IT,-1.2066783350369703,13024400.0
2025-09-23T22:27:56.258592,sector_performance,,,,,,Pharma,-2.6819887905712507,2835787.0
2025-09-23T22:27:56.258592,sector_performance,,,,,,Auto,-0.12228361273214662,0.0
2025-09-23T22:27:56.258592,sector_performance,,,,,,FMCG,-1.3277866538748608,0.0
2025-09-23T22:27:56.258592,sector_performance,,,,,,Metal,0.837732688131357,0.0
2025-09-23T22:27:56.258592,sector_performance,,,,,,Realty,-0.9757684434569,0.0
2025-09-23T22:27:56.258592,sector_performance,,,,,,Energy,-0.7794725797144346,0.0
2025-09-23T22:29:29.444912,market_breadth,0.0,0.0,0.0,inf,bearish,,,
2025-09-23T22:29:29.444912,sector_performance,,,,,,Banking,-0.36441658486300826,4374621.0
2025-09-23T22:29:29.444912,sector_performance,,,,,,IT,-1.2066783350369703,13024400.0
2025-09-23T22:29:29.444912,sector_performance,,,,,,Pharma,-2.6819887905712507,2835787.0
2025-09-23T22:29:29.444912,sector_performance,,,,,,Auto,-0.12228361273214662,0.0
2025-09-23T22:29:29.444912,sector_performance,,,,,,FMCG,-1.3277866538748608,0.0
2025-09-23T22:29:29.444912,sector_performance,,,,,,Metal,0.837732688131357,0.0
2025-09-23T22:29:29.444912,sector_performance,,,,,,Realty,-0.9757684434569,0.0
2025-09-23T22:29:29.444912,sector_performance,,,,,,Energy,-0.7794725797144346,0.0
2025-09-23T22:31:01.665309,market_breadth,0.0,0.0,0.0,inf,bearish,,,
2025-09-23T22:31:01.665309,sector_performance,,,,,,Banking,-0.36441658486300826,4374621.0
2025-09-23T22:31:01.665309,sector_performance,,,,,,IT,-1.2066783350369703,13024400.0
2025-09-23T22:31:01.665309,sector_performance,,,,,,Pharma,-2.6819887905712507,2835787.0
2025-09-23T22:31:01.665309,sector_performance,,,,,,Auto,-0.12228361273214662,0.0
2025-09-23T22:31:01.665309,sector_performance,,,,,,FMCG,-1.3277866538748608,0.0
2025-09-23T22:31:01.665309,sector_performance,,,,,,Metal,0.837732688131357,0.0
2025-09-23T22:31:01.665309,sector_performance,,,,,,Realty,-0.9757684434569,0.0
2025-09-23T22:31:01.665309,sector_performance,,,,,,Energy,-0.7794725797144346,0.0
2025-09-23T22:32:24.883142,market_breadth,0.0,0.0,0.0,inf,bearish,,,
2025-09-23T22:32:24.883142,sector_performance,,,,,,Banking,-0.36441658486300826,4374621.0
2025-09-23T22:32:24.883142,sector_performance,,,,,,IT,-1.2066783350369703,13024400.0
2025-09-23T22:32:24.883142,sector_performance,,,,,,Pharma,-2.6819887905712507,2835787.0
2025-09-23T22:32:24.883142,sector_performance,,,,,,Auto,-0.12228361273214662,0.0
2025-09-23T22:32:24.883142,sector_performance,,,,,,FMCG,-1.3277866538748608,0.0
2025-09-23T22:32:24.883142,sector_performance,,,,,,Metal,0.837732688131357,0.0
2025-09-23T22:32:24.883142,sector_performance,,,,,,Realty,-0.9757684434569,0.0
2025-09-23T22:32:24.883142,sector_performance,,,,,,Energy,-0.7794725797144346,0.0
2025-09-23T22:33:38.181089,market_breadth,0.0,0.0,0.0,inf,bearish,,,
2025-09-23T22:33:38.181089,sector_performance,,,,,,Banking,-0.36441658486300826,4374621.0
2025-09-23T22:33:38.181089,sector_performance,,,,,,IT,-1.2066783350369703,13024400.0
2025-09-23T22:33:38.181089,sector_performance,,,,,,Pharma,-2.6819887905712507,2835787.0
2025-09-23T22:33:38.181089,sector_performance,,,,,,Auto,-0.12228361273214662,0.0
2025-09-23T22:33:38.181089,sector_performance,,,,,,FMCG,-1.3277866538748608,0.0
2025-09-23T22:33:38.181089,sector_performance,,,,,,Metal,0.837732688131357,0.0
2025-09-23T22:33:38.181089,sector_performance,,,,,,Realty,-0.9757684434569,0.0
2025-09-23T22:33:38.181089,sector_performance,,,,,,Energy,-0.7794725797144346,0.0
2025-09-23T22:34:52.640346,market_breadth,0.0,0.0,0.0,inf,bearish,,,
2025-09-23T22:34:52.640346,sector_performance,,,,,,Banking,-0.36441658486300826,4374621.0
2025-09-23T22:34:52.640346,sector_performance,,,,,,IT,-1.2066783350369703,13024400.0
2025-09-23T22:34:52.640346,sector_performance,,,,,,Pharma,-2.6819887905712507,2835787.0
2025-09-23T22:34:52.640346,sector_performance,,,,,,Auto,-0.12228361273214662,0.0
2025-09-23T22:34:52.640346,sector_performance,,,,,,FMCG,-1.3277866538748608,0.0
2025-09-23T22:34:52.640346,sector_performance,,,,,,Metal,0.837732688131357,0.0
2025-09-23T22:34:52.640346,sector_performance,,,,,,Realty,-0.9757684434569,0.0
2025-09-23T22:34:52.640346,sector_performance,,,,,,Energy,-0.7794725797144346,0.0
2025-09-23T22:36:07.033884,market_breadth,0.0,0.0,0.0,inf,bearish,,,
2025-09-23T22:36:07.033884,sector_performance,,,,,,Banking,-0.36441658486300826,4374621.0
2025-09-23T22:36:07.033884,sector_performance,,,,,,IT,-1.2066783350369703,13024400.0
2025-09-23T22:36:07.033884,sector_performance,,,,,,Pharma,-2.6819887905712507,2835787.0
2025-09-23T22:36:07.033884,sector_performance,,,,,,Auto,-0.12228361273214662,0.0
2025-09-23T22:36:07.033884,sector_performance,,,,,,FMCG,-1.3277866538748608,0.0
2025-09-23T22:36:07.033884,sector_performance,,,,,,Metal,0.837732688131357,0.0
2025-09-23T22:36:07.033884,sector_performance,,,,,,Realty,-0.9757684434569,0.0
2025-09-23T22:36:07.033884,sector_performance,,,,,,Energy,-0.7794725797144346,0.0
2025-09-23T22:37:20.724626,market_breadth,0.0,0.0,0.0,inf,bearish,,,
2025-09-23T22:37:20.724626,sector_performance,,,,,,Banking,-0.36441658486300826,4374621.0
2025-09-23T22:37:20.724626,sector_performance,,,,,,IT,-1.2066783350369703,13024400.0
2025-09-23T22:37:20.724626,sector_performance,,,,,,Pharma,-2.6819887905712507,2835787.0
2025-09-23T22:37:20.724626,sector_performance,,,,,,Auto,-0.12228361273214662,0.0
2025-09-23T22:37:20.724626,sector_performance,,,,,,FMCG,-1.3277866538748608,0.0
2025-09-23T22:37:20.724626,sector_performance,,,,,,Metal,0.837732688131357,0.0
2025-09-23T22:37:20.724626,sector_performance,,,,,,Realty,-0.9757684434569,0.0
2025-09-23T22:37:20.724626,sector_performance,,,,,,Energy,-0.7794725797144346,0.0
2025-09-23T22:38:41.206235,market_breadth,0.0,0.0,0.0,inf,bearish,,,
2025-09-23T22:38:41.206235,sector_performance,,,,,,Banking,-0.36441658486300826,4374621.0
2025-09-23T22:38:41.206235,sector_performance,,,,,,IT,-1.2066783350369703,13024400.0
2025-09-23T22:38:41.206235,sector_performance,,,,,,Pharma,-2.6819887905712507,2835787.0
2025-09-23T22:38:41.206235,sector_performance,,,,,,Auto,-0.12228361273214662,0.0
2025-09-23T22:38:41.206235,sector_performance,,,,,,FMCG,-1.3277866538748608,0.0
2025-09-23T22:38:41.206235,sector_performance,,,,,,Metal,0.837732688131357,0.0
2025-09-23T22:38:41.206235,sector_performance,,,,,,Realty,-0.9757684434569,0.0
2025-09-23T22:38:41.206235,sector_performance,,,,,,Energy,-0.7794725797144346,0.0
2025-09-23T22:39:53.733981,market_breadth,0.0,0.0,0.0,inf,bearish,,,
2025-09-23T22:39:53.733981,sector_performance,,,,,,Banking,-0.36441658486300826,4374621.0
2025-09-23T22:39:53.733981,sector_performance,,,,,,IT,-1.2066783350369703,13024400.0
2025-09-23T22:39:53.733981,sector_performance,,,,,,Pharma,-2.6819887905712507,2835787.0
2025-09-23T22:39:53.733981,sector_performance,,,,,,Auto,-0.12228361273214662,0.0
2025-09-23T22:39:53.733981,sector_performance,,,,,,FMCG,-1.3277866538748608,0.0
2025-09-23T22:39:53.733981,sector_performance,,,,,,Metal,0.837732688131357,0.0
2025-09-23T22:39:53.733981,sector_performance,,,,,,Realty,-0.9757684434569,0.0
2025-09-23T22:39:53.733981,sector_performance,,,,,,Energy,-0.7794725797144346,0.0
2025-09-23T22:41:06.295285,market_breadth,0.0,0.0,0.0,inf,bearish,,,
2025-09-23T22:41:06.295285,sector_performance,,,,,,Banking,-0.36441658486300826,4374621.0
2025-09-23T22:41:06.295285,sector_performance,,,,,,IT,-1.2066783350369703,13024400.0
2025-09-23T22:41:06.295285,sector_performance,,,,,,Pharma,-2.6819887905712507,2835787.0
2025-09-23T22:41:06.295285,sector_performance,,,,,,Auto,-0.12228361273214662,0.0
2025-09-23T22:41:06.295285,sector_performance,,,,,,FMCG,-1.3277866538748608,0.0
2025-09-23T22:41:06.295285,sector_performance,,,,,,Metal,0.837732688131357,0.0
2025-09-23T22:41:06.295285,sector_performance,,,,,,Realty,-0.9757684434569,0.0
2025-09-23T22:41:06.295285,sector_performance,,,,,,Energy,-0.7794725797144346,0.0
2025-09-23T22:42:18.361672,market_breadth,0.0,0.0,0.0,inf,bearish,,,
2025-09-23T22:42:18.361672,sector_performance,,,,,,Banking,-0.36441658486300826,4374621.0
2025-09-23T22:42:18.361672,sector_performance,,,,,,IT,-1.2066783350369703,13024400.0
2025-09-23T22:42:18.361672,sector_performance,,,,,,Pharma,-2.6819887905712507,2835787.0
2025-09-23T22:42:18.361672,sector_performance,,,,,,Auto,-0.12228361273214662,0.0
2025-09-23T22:42:18.361672,sector_performance,,,,,,FMCG,-1.3277866538748608,0.0
2025-09-23T22:42:18.361672,sector_performance,,,,,,Metal,0.837732688131357,0.0
2025-09-23T22:42:18.361672,sector_performance,,,,,,Realty,-0.9757684434569,0.0
2025-09-23T22:42:18.361672,sector_performance,,,,,,Energy,-0.7794725797144346,0.0
2025-09-23T22:43:36.114289,market_breadth,0.0,0.0,0.0,inf,bearish,,,
2025-09-23T22:43:36.114289,sector_performance,,,,,,Banking,-0.36441658486300826,4374621.0
2025-09-23T22:43:36.114289,sector_performance,,,,,,IT,-1.2066783350369703,13024400.0
2025-09-23T22:43:36.114289,sector_performance,,,,,,Pharma,-2.6819887905712507,2835787.0
2025-09-23T22:43:36.114289,sector_performance,,,,,,Auto,-0.12228361273214662,0.0
2025-09-23T22:43:36.114289,sector_performance,,,,,,FMCG,-1.3277866538748608,0.0
2025-09-23T22:43:36.114289,sector_performance,,,,,,Metal,0.837732688131357,0.0
2025-09-23T22:43:36.114289,sector_performance,,,,,,Realty,-0.9757684434569,0.0
2025-09-23T22:43:36.114289,sector_performance,,,,,,Energy,-0.7794725797144346,0.0
2025-09-23T22:44:53.672979,market_breadth,0.0,0.0,0.0,inf,bearish,,,
2025-09-23T22:44:53.672979,sector_performance,,,,,,Banking,-0.36441658486300826,4374621.0
2025-09-23T22:44:53.672979,sector_performance,,,,,,IT,-1.2066783350369703,13024400.0
2025-09-23T22:44:53.672979,sector_performance,,,,,,Pharma,-2.6819887905712507,2835787.0
2025-09-23T22:44:53.672979,sector_performance,,,,,,Auto,-0.12228361273214662,0.0
2025-09-23T22:44:53.672979,sector_performance,,,,,,FMCG,-1.3277866538748608,0.0
2025-09-23T22:44:53.672979,sector_performance,,,,,,Metal,0.837732688131357,0.0
2025-09-23T22:44:53.672979,sector_performance,,,,,,Realty,-0.9757684434569,0.0
2025-09-23T22:44:53.672979,sector_performance,,,,,,Energy,-0.7794725797144346,0.0
2025-09-23T22:46:05.658749,market_breadth,0.0,0.0,0.0,inf,bearish,,,
2025-09-23T22:46:05.658749,sector_performance,,,,,,Banking,-0.36441658486300826,4374621.0
2025-09-23T22:46:05.658749,sector_performance,,,,,,IT,-1.2066783350369703,13024400.0
2025-09-23T22:46:05.658749,sector_performance,,,,,,Pharma,-2.6819887905712507,2835787.0
2025-09-23T22:46:05.658749,sector_performance,,,,,,Auto,-0.12228361273214662,0.0
2025-09-23T22:46:05.658749,sector_performance,,,,,,FMCG,-1.3277866538748608,0.0
2025-09-23T22:46:05.658749,sector_performance,,,,,,Metal,0.837732688131357,0.0
2025-09-23T22:46:05.658749,sector_performance,,,,,,Realty,-0.9757684434569,0.0
2025-09-23T22:46:05.658749,sector_performance,,,,,,Energy,-0.7794725797144346,0.0
2025-09-23T22:47:17.602788,market_breadth,0.0,0.0,0.0,inf,bearish,,,
2025-09-23T22:47:17.602788,sector_performance,,,,,,Banking,-0.36441658486300826,4374621.0
2025-09-23T22:47:17.602788,sector_performance,,,,,,IT,-1.2066783350369703,13024400.0
2025-09-23T22:47:17.602788,sector_performance,,,,,,Pharma,-2.6819887905712507,2835787.0
2025-09-23T22:47:17.602788,sector_performance,,,,,,Auto,-0.12228361273214662,0.0
2025-09-23T22:47:17.602788,sector_performance,,,,,,FMCG,-1.3277866538748608,0.0
2025-09-23T22:47:17.602788,sector_performance,,,,,,Metal,0.837732688131357,0.0
2025-09-23T22:47:17.602788,sector_performance,,,,,,Realty,-0.9757684434569,0.0
2025-09-23T22:47:17.602788,sector_performance,,,,,,Energy,-0.7794725797144346,0.0
2025-09-23T22:48:34.584054,market_breadth,0.0,0.0,0.0,inf,bearish,,,
2025-09-23T22:48:34.584054,sector_performance,,,,,,Banking,-0.36441658486300826,4374621.0
2025-09-23T22:48:34.584054,sector_performance,,,,,,IT,-1.2066783350369703,13024400.0
2025-09-23T22:48:34.584054,sector_performance,,,,,,Pharma,-2.6819887905712507,2835787.0
2025-09-23T22:48:34.584054,sector_performance,,,,,,Auto,-0.12228361273214662,0.0
2025-09-23T22:48:34.584054,sector_performance,,,,,,FMCG,-1.3277866538748608,0.0
2025-09-23T22:48:34.584054,sector_performance,,,,,,Metal,0.837732688131357,0.0
2025-09-23T22:48:34.584054,sector_performance,,,,,,Realty,-0.9757684434569,0.0
2025-09-23T22:48:34.584054,sector_performance,,,,,,Energy,-0.7794725797144346,0.0
2025-09-23T22:49:49.453101,market_breadth,0.0,0.0,0.0,inf,bearish,,,
2025-09-23T22:49:49.453101,sector_performance,,,,,,Banking,-0.36441658486300826,4374621.0
2025-09-23T22:49:49.453101,sector_performance,,,,,,IT,-1.2066783350369703,13024400.0
2025-09-23T22:49:49.453101,sector_performance,,,,,,Pharma,-2.6819887905712507,2835787.0
2025-09-23T22:49:49.453101,sector_performance,,,,,,Auto,-0.12228361273214662,0.0
2025-09-23T22:49:49.453101,sector_performance,,,,,,FMCG,-1.3277866538748608,0.0
2025-09-23T22:49:49.453101,sector_performance,,,,,,Metal,0.837732688131357,0.0
2025-09-23T22:49:49.453101,sector_performance,,,,,,Realty,-0.9757684434569,0.0
2025-09-23T22:49:49.453101,sector_performance,,,,,,Energy,-0.7794725797144346,0.0
2025-09-23T22:51:01.283366,market_breadth,0.0,0.0,0.0,inf,bearish,,,
2025-09-23T22:51:01.283366,sector_performance,,,,,,Banking,-0.36441658486300826,4374621.0
2025-09-23T22:51:01.283366,sector_performance,,,,,,IT,-1.2066783350369703,13024400.0
2025-09-23T22:51:01.283366,sector_performance,,,,,,Pharma,-2.6819887905712507,2835787.0
2025-09-23T22:51:01.283366,sector_performance,,,,,,Auto,-0.12228361273214662,0.0
2025-09-23T22:51:01.283366,sector_performance,,,,,,FMCG,-1.3277866538748608,0.0
2025-09-23T22:51:01.283366,sector_performance,,,,,,Metal,0.837732688131357,0.0
2025-09-23T22:51:01.283366,sector_performance,,,,,,Realty,-0.9757684434569,0.0
2025-09-23T22:51:01.283366,sector_performance,,,,,,Energy,-0.7794725797144346,0.0
2025-09-23T22:52:12.152786,market_breadth,0.0,0.0,0.0,inf,bearish,,,
2025-09-23T22:52:12.152786,sector_performance,,,,,,Banking,-0.36441658486300826,4374621.0
2025-09-23T22:52:12.152786,sector_performance,,,,,,IT,-1.2066783350369703,13024400.0
2025-09-23T22:52:12.152786,sector_performance,,,,,,Pharma,-2.6819887905712507,2835787.0
2025-09-23T22:52:12.152786,sector_performance,,,,,,Auto,-0.12228361273214662,0.0
2025-09-23T22:52:12.152786,sector_performance,,,,,,FMCG,-1.3277866538748608,0.0
2025-09-23T22:52:12.152786,sector_performance,,,,,,Metal,0.837732688131357,0.0
2025-09-23T22:52:12.152786,sector_performance,,,,,,Realty,-0.9757684434569,0.0
2025-09-23T22:52:12.152786,sector_performance,,,,,,Energy,-0.7794725797144346,0.0
2025-09-23T22:53:24.557894,market_breadth,0.0,0.0,0.0,inf,bearish,,,
2025-09-23T22:53:24.557894,sector_performance,,,,,,Banking,-0.36441658486300826,4374621.0
2025-09-23T22:53:24.557894,sector_performance,,,,,,IT,-1.2066783350369703,13024400.0
2025-09-23T22:53:24.557894,sector_performance,,,,,,Pharma,-2.6819887905712507,2835787.0
2025-09-23T22:53:24.557894,sector_performance,,,,,,Auto,-0.12228361273214662,0.0
2025-09-23T22:53:24.557894,sector_performance,,,,,,FMCG,-1.3277866538748608,0.0
2025-09-23T22:53:24.557894,sector_performance,,,,,,Metal,0.837732688131357,0.0
2025-09-23T22:53:24.557894,sector_performance,,,,,,Realty,-0.9757684434569,0.0
2025-09-23T22:53:24.557894,sector_performance,,,,,,Energy,-0.7794725797144346,0.0
2025-09-23T22:54:36.311309,market_breadth,0.0,0.0,0.0,inf,bearish,,,
2025-09-23T22:54:36.311309,sector_performance,,,,,,Banking,-0.36441658486300826,4374621.0
2025-09-23T22:54:36.311309,sector_performance,,,,,,IT,-1.2066783350369703,13024400.0
2025-09-23T22:54:36.311309,sector_performance,,,,,,Pharma,-2.6819887905712507,2835787.0
2025-09-23T22:54:36.311309,sector_performance,,,,,,Auto,-0.12228361273214662,0.0
2025-09-23T22:54:36.311309,sector_performance,,,,,,FMCG,-1.3277866538748608,0.0
2025-09-23T22:54:36.311309,sector_performance,,,,,,Metal,0.837732688131357,0.0
2025-09-23T22:54:36.311309,sector_performance,,,,,,Realty,-0.9757684434569,0.0
2025-09-23T22:54:36.311309,sector_performance,,,,,,Energy,-0.7794725797144346,0.0
2025-09-30T14:30:12.040864,market_breadth,0.0,0.0,0.0,inf,bearish,,,
2025-09-30T14:30:12.040864,sector_performance,,,,,,Banking,-0.925031761214957,6650663.0
2025-09-30T14:30:12.040864,sector_performance,,,,,,IT,-0.8355729685810828,3075258.0
2025-09-30T14:30:12.040864,sector_performance,,,,,,Pharma,2.2367263283448375,2032704.0
2025-09-30T14:30:12.040864,sector_performance,,,,,,Auto,0.08184892173183016,0.0
2025-09-30T14:30:12.040864,sector_performance,,,,,,FMCG,-0.6543013333229118,0.0
2025-09-30T14:30:12.040864,sector_performance,,,,,,Metal,0.3312118018389825,0.0
2025-09-30T14:30:12.040864,sector_performance,,,,,,Realty,-1.4079731263011244,0.0
2025-09-30T14:30:12.040864,sector_performance,,,,,,Energy,-0.6461928163872311,0.0
2025-09-30T14:32:30.027001,market_breadth,0.0,0.0,0.0,inf,bearish,,,
2025-09-30T14:32:30.027001,sector_performance,,,,,,Banking,-0.9036032956674825,6760932.0
2025-09-30T14:32:30.027001,sector_performance,,,,,,IT,-0.889482560457813,3192372.0
2025-09-30T14:32:30.027001,sector_performance,,,,,,Pharma,2.2367263283448375,2036996.0
2025-09-30T14:32:30.027001,sector_performance,,,,,,Auto,0.16388243733315022,0.0
2025-09-30T14:32:30.027001,sector_performance,,,,,,FMCG,-0.7218823198376237,0.0
2025-09-30T14:32:30.027001,sector_performance,,,,,,Metal,0.3071560559263796,0.0
2025-09-30T14:32:30.027001,sector_performance,,,,,,Realty,-1.5048750885971733,0.0
2025-09-30T14:32:30.027001,sector_performance,,,,,,Energy,-0.6759249327970808,0.0
2025-09-30T14:34:15.993979,market_breadth,0.0,0.0,0.0,inf,bearish,,,
2025-09-30T14:34:15.993979,sector_performance,,,,,,Banking,-0.8893140187942685,6776852.0
2025-09-30T14:34:15.993979,sector_performance,,,,,,IT,-0.8355729685810828,3210682.0
2025-09-30T14:34:15.993979,sector_performance,,,,,,Pharma,2.2367263283448375,2045182.0
2025-09-30T14:34:15.993979,sector_performance,,,,,,Auto,0.22984890253406773,0.0
2025-09-30T14:34:15.993979,sector_performance,,,,,,FMCG,-0.6794976510793168,0.0
2025-09-30T14:34:15.993979,sector_performance,,,,,,Metal,0.4179025249040094,0.0
2025-09-30T14:34:15.993979,sector_performance,,,,,,Realty,-1.3452714472655292,0.0
2025-09-30T14:34:15.993979,sector_performance,,,,,,Energy,-0.6170275552808963,0.0
2025-09-30T14:35:58.280237,market_breadth,0.0,0.0,0.0,inf,bearish,,,
2025-09-30T14:35:58.280237,sector_performance,,,,,,Banking,-0.8000251125048938,6924409.0
2025-09-30T14:35:58.280237,sector_performance,,,,,,IT,-0.808623313744365,3230414.0
2025-09-30T14:35:58.280237,sector_performance,,,,,,Pharma,2.2367263283448375,2048665.0
2025-09-30T14:35:58.280237,sector_performance,,,,,,Auto,0.3332510044675408,0.0
2025-09-30T14:35:58.280237,sector_performance,,,,,,FMCG,-0.5745414160032145,0.0
2025-09-30T14:35:58.280237,sector_performance,,,,,,Metal,0.5737363907162045,0.0
2025-09-30T14:35:58.280237,sector_performance,,,,,,Realty,-1.328167826461013,0.0
2025-09-30T14:35:58.280237,sector_performance,,,,,,Energy,-0.5108922358051373,0.0
